State,Year,Solar_Capacity_MW,Total_Subsidies_kUSD,GDP_Millions,Total_Battery_MW,Bank_Loan_Interest_Rate,Solar_GHI_Score,Median_HH_Income,Electricity_Price_cents_kWh,Population_Density,EV_Market_Share_Percent,RPS_Target_Percent,Carbon_Intensity_Score
AK,2014,1.936,26.0,53550.9,0.0,4.17,3.9,68000.0,23.0,1.0,0.5,10.0,4.5
AK,2015,1.936,26.0,53550.9,0.0,3.85,3.9,68000.0,23.0,1.0,0.5,10.0,4.5
AK,2016,1.936,26.0,53550.9,0.0,3.65,3.9,68000.0,23.0,1.0,0.5,10.0,4.5
AK,2017,1.936,26.0,53550.9,0.0,3.99,3.9,68000.0,23.0,1.0,0.5,10.0,4.5
AK,2018,2.949,25.0,54762.0,0.0,4.54,3.9,68000.0,23.0,1.0,0.5,10.0,4.5
AK,2019,5.4295,20.0,53311.85,0.0,3.94,3.9,68000.0,23.0,1.0,0.5,10.0,4.5
AK,2020,7.91,15.0,51861.7,0.0,3.11,3.9,68000.0,23.0,1.0,0.5,10.0,4.5
AK,2021,10.706,8.0,59363.0,0.0,2.96,3.9,68000.0,23.0,1.0,0.5,10.0,4.5
AK,2022,12.619,8.0,65682.5,0.0,5.34,3.9,68000.0,23.0,1.0,0.5,10.0,4.5
AK,2023,15.382,2.0,68232.7,0.0,6.81,3.9,68000.0,23.0,1.0,0.5,10.0,4.5
AK,2024,15.382,2.0,68232.7,0.0,6.5,3.9,68000.0,23.0,1.0,0.5,10.0,4.5
AL,2014,0.041,20572.0,216615.5,0.0,4.17,4.5,68000.0,14.0,150.0,0.5,10.0,4.5
AL,2015,0.041,20572.0,216615.5,0.0,3.85,4.5,68000.0,14.0,150.0,0.5,10.0,4.5
AL,2016,0.041,20572.0,216615.5,0.0,3.65,4.5,68000.0,14.0,150.0,0.5,10.0,4.5
AL,2017,0.041,20572.0,216615.5,0.0,3.99,4.5,68000.0,14.0,150.0,0.5,10.0,4.5
AL,2018,0.183,10573.0,226263.8,0.0,4.54,4.5,68000.0,14.0,150.0,0.5,10.0,4.5
AL,2019,0.45249999999999996,7196.0,231061.4,0.0,3.94,4.5,68000.0,14.0,150.0,0.5,10.0,4.5
AL,2020,0.722,3819.0,235859.0,0.0,3.11,4.5,68000.0,14.0,150.0,0.5,10.0,4.5
AL,2021,0.763,5983.0,260325.0,0.0,2.96,4.5,68000.0,14.0,150.0,0.5,10.0,4.5
AL,2022,0.8889999999999999,6388.0,286873.3,0.0,5.34,4.5,68000.0,14.0,150.0,0.5,10.0,4.5
AL,2023,1.4109999999999998,7294.0,309543.8,0.0,6.81,4.5,68000.0,14.0,150.0,0.5,10.0,4.5
AL,2024,1.392,12227.0,325345.1,0.0,6.5,4.5,68000.0,14.0,150.0,0.5,10.0,4.5
AR,2014,9.117,67255.0,123882.6,0.0,4.17,4.5,68000.0,14.0,150.0,0.5,10.0,4.5
AR,2015,9.117,67255.0,123882.6,0.0,3.85,4.5,68000.0,14.0,150.0,0.5,10.0,4.5
AR,2016,9.117,67255.0,123882.6,0.0,3.65,4.5,68000.0,14.0,150.0,0.5,10.0,4.5
AR,2017,9.117,67255.0,123882.6,0.0,3.99,4.5,68000.0,14.0,150.0,0.5,10.0,4.5
AR,2018,17.076,68033.0,129213.8,0.0,4.54,4.5,68000.0,14.0,150.0,0.5,10.0,4.5
AR,2019,39.4065,67384.0,132679.85,0.0,3.94,4.5,68000.0,14.0,150.0,0.5,10.0,4.5
AR,2020,61.737,66735.0,136145.9,0.0,3.11,4.5,68000.0,14.0,150.0,0.5,10.0,4.5
AR,2021,110.348,66628.0,154261.8,0.0,2.96,4.5,68000.0,14.0,150.0,0.5,10.0,4.5
AR,2022,174.017,68298.0,167863.5,0.0,5.34,4.5,68000.0,14.0,150.0,0.5,10.0,4.5
AR,2023,245.038,68134.0,178114.8,17.904,6.81,4.5,68000.0,14.0,150.0,0.5,10.0,4.5
AR,2024,328.906,69589.0,188339.6,24.382,6.5,4.5,68000.0,14.0,150.0,0.5,10.0,4.5
AZ,2014,1089.075,122701.0,333099.0,0.0,4.17,6.5,68000.0,14.0,150.0,0.5,10.0,4.5
AZ,2015,1089.075,122701.0,333099.0,0.0,3.85,6.5,68000.0,14.0,150.0,0.5,10.0,4.5
AZ,2016,1089.075,122701.0,333099.0,0.0,3.65,6.5,68000.0,14.0,150.0,0.5,10.0,4.5
AZ,2017,1089.075,122701.0,333099.0,0.0,3.99,6.5,68000.0,14.0,150.0,0.5,10.0,4.5
AZ,2018,1301.4550000000002,86837.0,353671.0,0.0,4.54,6.5,68000.0,14.0,150.0,0.5,10.0,4.5
AZ,2019,1503.5915,86148.5,372087.1,0.0,3.94,6.5,68000.0,14.0,150.0,0.5,10.0,4.5
AZ,2020,1705.728,85460.0,390503.2,0.0,3.11,6.5,68000.0,14.0,150.0,0.5,10.0,4.5
AZ,2021,2013.851,96160.0,438136.0,0.0,2.96,6.5,68000.0,14.0,150.0,0.5,10.0,4.5
AZ,2022,2359.061,105755.0,488722.2,0.0,5.34,6.5,68000.0,14.0,150.0,0.5,10.0,4.5
AZ,2023,2728.919,132778.0,530105.0,65.012,6.81,6.5,68000.0,14.0,150.0,0.5,10.0,4.5
AZ,2024,2943.886,124088.0,570088.6,102.796,6.5,6.5,68000.0,14.0,150.0,0.5,10.0,4.5
CA,2014,6603.388,1014000.0,2740550.3,0.0,4.17,5.6,91000.0,30.0,253.0,4.1,60.0,1.5
CA,2015,6603.388,1014000.0,2740550.3,0.0,3.85,5.6,91000.0,30.0,253.0,4.1,60.0,1.5
CA,2016,6603.388,1014000.0,2740550.3,0.0,3.65,5.6,91000.0,30.0,253.0,4.1,60.0,1.5
CA,2017,6603.388,1014000.0,2740550.3,0.0,3.99,5.6,91000.0,30.0,253.0,4.1,60.0,1.5
CA,2018,7836.65,856719.0,2899530.9,0.0,4.54,5.6,91000.0,30.0,253.0,4.1,60.0,1.5
CA,2019,9175.752499999999,809693.5,2986229.25,0.0,3.94,5.6,91000.0,30.0,253.0,4.1,60.0,1.5
CA,2020,10514.855,762668.0,3072927.6,0.0,3.11,5.6,91000.0,30.0,253.0,4.1,60.0,1.5
CA,2021,12154.236,694936.0,3418256.1,0.0,2.96,5.6,91000.0,30.0,253.0,4.1,60.0,1.5
CA,2022,14176.531,653451.0,3618289.7,0.0,5.34,5.6,91000.0,30.0,253.0,4.1,60.0,1.5
CA,2023,16605.797,716960.0,3827007.3,1098.865,6.81,5.6,91000.0,30.0,253.0,4.1,60.0,1.5
CA,2024,18221.252,632491.0,4048108.1,1830.74,6.5,5.6,91000.0,30.0,253.0,4.1,60.0,1.5
CO,2014,319.639,23094.0,350209.1,0.0,4.17,4.5,68000.0,14.0,150.0,1.7,10.0,4.5
CO,2015,319.639,23094.0,350209.1,0.0,3.85,4.5,68000.0,14.0,150.0,1.7,10.0,4.5
CO,2016,319.639,23094.0,350209.1,0.0,3.65,4.5,68000.0,14.0,150.0,1.7,10.0,4.5
CO,2017,319.639,23094.0,350209.1,0.0,3.99,4.5,68000.0,14.0,150.0,1.7,10.0,4.5
CO,2018,352.213,22768.0,373923.1,0.0,4.54,4.5,68000.0,14.0,150.0,1.7,10.0,4.5
CO,2019,401.929,58181.5,385452.1,0.0,3.94,4.5,68000.0,14.0,150.0,1.7,10.0,4.5
CO,2020,451.645,93595.0,396981.1,0.0,3.11,4.5,68000.0,14.0,150.0,1.7,10.0,4.5
CO,2021,709.454,86963.0,445781.3,0.0,2.96,4.5,68000.0,14.0,150.0,1.7,10.0,4.5
CO,2022,848.861,99614.0,499197.4,0.0,5.34,4.5,68000.0,14.0,150.0,1.7,10.0,4.5
CO,2023,1077.673,128795.0,533268.6,13.44,6.81,4.5,68000.0,14.0,150.0,1.7,10.0,4.5
CO,2024,1184.767,118498.0,557633.0,16.587,6.5,4.5,68000.0,14.0,150.0,1.7,10.0,4.5
CT,2014,329.453,153039.0,273875.1,0.0,4.17,4.5,68000.0,28.0,740.0,0.5,48.0,4.5
CT,2015,329.453,153039.0,273875.1,0.0,3.85,4.5,68000.0,28.0,740.0,0.5,48.0,4.5
CT,2016,329.453,153039.0,273875.1,0.0,3.65,4.5,68000.0,28.0,740.0,0.5,48.0,4.5
CT,2017,329.453,153039.0,273875.1,0.0,3.99,4.5,68000.0,28.0,740.0,0.5,48.0,4.5
CT,2018,413.037,119328.0,280535.4,0.0,4.54,4.5,68000.0,28.0,740.0,0.5,48.0,4.5
CT,2019,506.32550000000003,145099.5,279641.65,0.0,3.94,4.5,68000.0,28.0,740.0,0.5,48.0,4.5
CT,2020,599.614,170871.0,278747.9,0.0,3.11,4.5,68000.0,28.0,740.0,0.5,48.0,4.5
CT,2021,695.533,193612.0,297366.0,0.0,2.96,4.5,68000.0,28.0,740.0,0.5,48.0,4.5
CT,2022,781.659,189311.0,321625.2,0.0,5.34,4.5,68000.0,28.0,740.0,0.5,48.0,4.5
CT,2023,964.638,190557.0,341851.8,0.036,6.81,4.5,68000.0,28.0,740.0,0.5,48.0,4.5
CT,2024,1118.703,170959.0,356834.9,7.255,6.5,4.5,68000.0,28.0,740.0,0.5,48.0,4.5
DC,2014,37.519,13901.0,134298.8,0.0,4.17,4.5,101000.0,14.0,11000.0,2.6,100.0,4.5
DC,2015,37.519,13901.0,134298.8,0.0,3.85,4.5,101000.0,14.0,11000.0,2.6,100.0,4.5
DC,2016,37.519,13901.0,134298.8,0.0,3.65,4.5,101000.0,14.0,11000.0,2.6,100.0,4.5
DC,2017,37.519,13901.0,134298.8,0.0,3.99,4.5,101000.0,14.0,11000.0,2.6,100.0,4.5
DC,2018,50.722,15800.0,141240.2,0.0,4.54,4.5,101000.0,14.0,11000.0,2.6,100.0,4.5
DC,2019,67.126,11735.0,144047.40000000002,0.0,3.94,4.5,101000.0,14.0,11000.0,2.6,100.0,4.5
DC,2020,83.53,7670.0,146854.6,0.0,3.11,4.5,101000.0,14.0,11000.0,2.6,100.0,4.5
DC,2021,103.257,15588.0,156581.3,0.0,2.96,4.5,101000.0,14.0,11000.0,2.6,100.0,4.5
DC,2022,120.063,19044.0,165106.2,0.0,5.34,4.5,101000.0,14.0,11000.0,2.6,100.0,4.5
DC,2023,144.917,18265.0,174250.7,0.0,6.81,4.5,101000.0,14.0,11000.0,2.6,100.0,4.5
DC,2024,173.468,10651.0,184297.7,0.0,6.5,4.5,101000.0,14.0,11000.0,2.6,100.0,4.5
DE,2014,75.265,8732.0,69555.6,0.0,4.17,4.5,68000.0,14.0,150.0,0.5,10.0,4.5
DE,2015,75.265,8732.0,69555.6,0.0,3.85,4.5,68000.0,14.0,150.0,0.5,10.0,4.5
DE,2016,75.265,8732.0,69555.6,0.0,3.65,4.5,68000.0,14.0,150.0,0.5,10.0,4.5
DE,2017,75.265,8732.0,69555.6,0.0,3.99,4.5,68000.0,14.0,150.0,0.5,10.0,4.5
DE,2018,81.899,12471.0,73376.0,0.0,4.54,4.5,68000.0,14.0,150.0,0.5,10.0,4.5
DE,2019,86.138,12247.5,75566.6,0.0,3.94,4.5,68000.0,14.0,150.0,0.5,10.0,4.5
DE,2020,90.377,12024.0,77757.2,0.0,3.11,4.5,68000.0,14.0,150.0,0.5,10.0,4.5
DE,2021,102.148,11159.0,83554.7,0.0,2.96,4.5,68000.0,14.0,150.0,0.5,10.0,4.5
DE,2022,115.717,15948.0,97030.4,0.0,5.34,4.5,68000.0,14.0,150.0,0.5,10.0,4.5
DE,2023,135.617,75682.0,103332.5,0.005,6.81,4.5,68000.0,14.0,150.0,0.5,10.0,4.5
DE,2024,149.674,13061428.0,110971.8,0.005,6.5,4.5,68000.0,14.0,150.0,0.5,10.0,4.5
FL,2014,195.132,88962.0,1014866.9,0.0,4.17,5.6,67000.0,14.0,150.0,0.5,10.0,4.5
FL,2015,195.132,88962.0,1014866.9,0.0,3.85,5.6,67000.0,14.0,150.0,0.5,10.0,4.5
FL,2016,195.132,88962.0,1014866.9,0.0,3.65,5.6,67000.0,14.0,150.0,0.5,10.0,4.5
FL,2017,195.132,88962.0,1014866.9,0.0,3.99,5.6,67000.0,14.0,150.0,0.5,10.0,4.5
FL,2018,287.986,98819.0,1072085.6,0.0,4.54,5.6,67000.0,14.0,150.0,0.5,10.0,4.5
FL,2019,533.4995,91885.0,1108369.4,0.0,3.94,5.6,67000.0,14.0,150.0,0.5,10.0,4.5
FL,2020,779.013,84951.0,1144653.2,0.0,3.11,5.6,67000.0,14.0,150.0,0.5,10.0,4.5
FL,2021,1158.182,80052.0,1300807.8,0.0,2.96,5.6,67000.0,14.0,150.0,0.5,10.0,4.5
FL,2022,1734.007,84279.0,1473688.1,0.0,5.34,5.6,67000.0,14.0,150.0,0.5,10.0,4.5
FL,2023,2552.871,83815.0,1624642.3,16.211,6.81,5.6,67000.0,14.0,150.0,0.5,10.0,4.5
FL,2024,2800.167,96276.0,1726709.9,23.262,6.5,5.6,67000.0,14.0,150.0,0.5,10.0,4.5
GA,2014,7.794,43109.0,583543.3,0.0,4.17,4.5,68000.0,14.0,150.0,0.5,10.0,4.5
GA,2015,7.794,43109.0,583543.3,0.0,3.85,4.5,68000.0,14.0,150.0,0.5,10.0,4.5
GA,2016,7.794,43109.0,583543.3,0.0,3.65,4.5,68000.0,14.0,150.0,0.5,10.0,4.5
GA,2017,7.794,43109.0,583543.3,0.0,3.99,4.5,68000.0,14.0,150.0,0.5,10.0,4.5
GA,2018,9.641,48000.0,612803.4,0.0,4.54,4.5,68000.0,14.0,150.0,0.5,10.0,4.5
GA,2019,15.6965,40181.0,625645.8500000001,0.0,3.94,4.5,68000.0,14.0,150.0,0.5,10.0,4.5
GA,2020,21.752,32362.0,638488.3,0.0,3.11,4.5,68000.0,14.0,150.0,0.5,10.0,4.5
GA,2021,35.821,38237.0,706004.6,0.0,2.96,4.5,68000.0,14.0,150.0,0.5,10.0,4.5
GA,2022,50.631,46422.0,785922.7,0.0,5.34,4.5,68000.0,14.0,150.0,0.5,10.0,4.5
GA,2023,117.625,57343.0,835755.3,3.861,6.81,4.5,68000.0,14.0,150.0,0.5,10.0,4.5
GA,2024,177.14,68901.0,881508.2,4.538,6.5,4.5,68000.0,14.0,150.0,0.5,10.0,4.5
HI,2014,523.1179999999999,29115.0,87436.4,0.0,4.17,4.5,68000.0,45.0,150.0,2.4,100.0,4.5
HI,2015,523.1179999999999,29115.0,87436.4,0.0,3.85,4.5,68000.0,45.0,150.0,2.4,100.0,4.5
HI,2016,523.1179999999999,29115.0,87436.4,0.0,3.65,4.5,68000.0,45.0,150.0,2.4,100.0,4.5
HI,2017,523.1179999999999,29115.0,87436.4,0.0,3.99,4.5,68000.0,45.0,150.0,2.4,100.0,4.5
HI,2018,476.618,25614.0,90933.5,0.0,4.54,4.5,68000.0,45.0,150.0,2.4,100.0,4.5
HI,2019,512.8685,32040.0,87860.75,0.0,3.94,4.5,68000.0,45.0,150.0,2.4,100.0,4.5
HI,2020,549.119,38466.0,84788.0,0.0,3.11,4.5,68000.0,45.0,150.0,2.4,100.0,4.5
HI,2021,567.644,32074.0,93684.2,0.0,2.96,4.5,68000.0,45.0,150.0,2.4,100.0,4.5
HI,2022,585.34,29031.0,103954.5,0.0,5.34,4.5,68000.0,45.0,150.0,2.4,100.0,4.5
HI,2023,617.568,27234.0,111740.2,122.735,6.81,4.5,68000.0,45.0,150.0,2.4,100.0,4.5
HI,2024,664.6700000000001,28789.0,117627.4,147.95499999999998,6.5,4.5,68000.0,45.0,150.0,2.4,100.0,4.5
IA,2014,62.912000000000006,122801.0,187125.0,0.0,4.17,4.5,68000.0,14.0,150.0,0.5,10.0,4.5
IA,2015,62.912000000000006,122801.0,187125.0,0.0,3.85,4.5,68000.0,14.0,150.0,0.5,10.0,4.5
IA,2016,62.912000000000006,122801.0,187125.0,0.0,3.65,4.5,68000.0,14.0,150.0,0.5,10.0,4.5
IA,2017,62.912000000000006,122801.0,187125.0,0.0,3.99,4.5,68000.0,14.0,150.0,0.5,10.0,4.5
IA,2018,84.247,114360.0,193155.1,0.0,4.54,4.5,68000.0,14.0,150.0,0.5,10.0,4.5
IA,2019,105.8825,81668.5,196302.35,0.0,3.94,4.5,68000.0,14.0,150.0,0.5,10.0,4.5
IA,2020,127.518,48977.0,199449.6,0.0,3.11,4.5,68000.0,14.0,150.0,0.5,10.0,4.5
IA,2021,158.111,47524.0,225055.3,0.0,2.96,4.5,68000.0,14.0,150.0,0.5,10.0,4.5
IA,2022,201.296,43479.0,244156.8,0.0,5.34,4.5,68000.0,14.0,150.0,0.5,10.0,4.5
IA,2023,257.748,42551.0,253166.5,0.311,6.81,4.5,68000.0,14.0,150.0,0.5,10.0,4.5
IA,2024,296.71,64264.0,265794.5,0.213,6.5,4.5,68000.0,14.0,150.0,0.5,10.0,4.5
ID,2014,13.711,17096.0,72935.1,0.0,4.17,4.5,68000.0,14.0,150.0,0.5,10.0,4.5
ID,2015,13.711,17096.0,72935.1,0.0,3.85,4.5,68000.0,14.0,150.0,0.5,10.0,4.5
ID,2016,13.711,17096.0,72935.1,0.0,3.65,4.5,68000.0,14.0,150.0,0.5,10.0,4.5
ID,2017,13.711,17096.0,72935.1,0.0,3.99,4.5,68000.0,14.0,150.0,0.5,10.0,4.5
ID,2018,26.320000000000004,17599.0,79072.4,0.0,4.54,4.5,68000.0,14.0,150.0,0.5,10.0,4.5
ID,2019,43.476,34853.0,83564.6,0.0,3.94,4.5,68000.0,14.0,150.0,0.5,10.0,4.5
ID,2020,60.632,52107.0,88056.8,0.0,3.11,4.5,68000.0,14.0,150.0,0.5,10.0,4.5
ID,2021,89.71500000000002,39851.0,99884.1,0.0,2.96,4.5,68000.0,14.0,150.0,0.5,10.0,4.5
ID,2022,124.39,42842.0,112609.7,0.0,5.34,4.5,68000.0,14.0,150.0,0.5,10.0,4.5
ID,2023,155.95900000000003,43187.0,120588.1,2.761,6.81,4.5,68000.0,14.0,150.0,0.5,10.0,4.5
ID,2024,177.34300000000002,54073.0,129018.2,3.725,6.5,4.5,68000.0,14.0,150.0,0.5,10.0,4.5
IL,2014,33.515,431375.0,832826.8,0.0,4.17,4.5,68000.0,14.0,150.0,0.5,10.0,4.5
IL,2015,33.515,431375.0,832826.8,0.0,3.85,4.5,68000.0,14.0,150.0,0.5,10.0,4.5
IL,2016,33.515,431375.0,832826.8,0.0,3.65,4.5,68000.0,14.0,150.0,0.5,10.0,4.5
IL,2017,33.515,431375.0,832826.8,0.0,3.99,4.5,68000.0,14.0,150.0,0.5,10.0,4.5
IL,2018,59.908,406893.0,871024.2,0.0,4.54,4.5,68000.0,14.0,150.0,0.5,10.0,4.5
IL,2019,206.66500000000002,404425.0,865916.0,0.0,3.94,4.5,68000.0,14.0,150.0,0.5,10.0,4.5
IL,2020,353.422,401957.0,860807.8,0.0,3.11,4.5,68000.0,14.0,150.0,0.5,10.0,4.5
IL,2021,490.975,400761.0,947223.9,0.0,2.96,4.5,68000.0,14.0,150.0,0.5,10.0,4.5
IL,2022,628.754,449236.0,1037735.9,0.0,5.34,4.5,68000.0,14.0,150.0,0.5,10.0,4.5
IL,2023,906.209,507115.0,1100794.1,0.224,6.81,4.5,68000.0,14.0,150.0,0.5,10.0,4.5
IL,2024,1235.652,524805.0,1148106.1,0.215,6.5,4.5,68000.0,14.0,150.0,0.5,10.0,4.5
IN,2014,41.871,106761.0,357535.8,0.0,4.17,4.5,68000.0,14.0,150.0,0.5,10.0,4.5
IN,2015,41.871,106761.0,357535.8,0.0,3.85,4.5,68000.0,14.0,150.0,0.5,10.0,4.5
IN,2016,41.871,106761.0,357535.8,0.0,3.65,4.5,68000.0,14.0,150.0,0.5,10.0,4.5
IN,2017,41.871,106761.0,357535.8,0.0,3.99,4.5,68000.0,14.0,150.0,0.5,10.0,4.5
IN,2018,71.182,100249.0,377376.9,0.0,4.54,4.5,68000.0,14.0,150.0,0.5,10.0,4.5
IN,2019,96.2465,97114.0,377834.95,0.0,3.94,4.5,68000.0,14.0,150.0,0.5,10.0,4.5
IN,2020,121.311,93979.0,378293.0,0.0,3.11,4.5,68000.0,14.0,150.0,0.5,10.0,4.5
IN,2021,159.196,84126.0,425270.9,0.0,2.96,4.5,68000.0,14.0,150.0,0.5,10.0,4.5
IN,2022,205.069,94577.0,467679.6,0.0,5.34,4.5,68000.0,14.0,150.0,0.5,10.0,4.5
IN,2023,226.599,110296.0,496849.5,2.838,6.81,4.5,68000.0,14.0,150.0,0.5,10.0,4.5
IN,2024,253.407,107286.0,519516.5,3.991,6.5,4.5,68000.0,14.0,150.0,0.5,10.0,4.5
KS,2014,12.052,452.0,166273.6,0.0,4.17,4.5,68000.0,14.0,150.0,0.5,10.0,4.5
KS,2015,12.052,452.0,166273.6,0.0,3.85,4.5,68000.0,14.0,150.0,0.5,10.0,4.5
KS,2016,12.052,452.0,166273.6,0.0,3.65,4.5,68000.0,14.0,150.0,0.5,10.0,4.5
KS,2017,12.052,452.0,166273.6,0.0,3.99,4.5,68000.0,14.0,150.0,0.5,10.0,4.5
KS,2018,18.9,316.0,173373.0,0.0,4.54,4.5,68000.0,14.0,150.0,0.5,10.0,4.5
KS,2019,21.954,250.0,174379.3,0.0,3.94,4.5,68000.0,14.0,150.0,0.5,10.0,4.5
KS,2020,25.008000000000003,184.0,175385.6,0.0,3.11,4.5,68000.0,14.0,150.0,0.5,10.0,4.5
KS,2021,34.903,264.0,188993.3,0.0,2.96,4.5,68000.0,14.0,150.0,0.5,10.0,4.5
KS,2022,48.769,171.0,213368.8,0.0,5.34,4.5,68000.0,14.0,150.0,0.5,10.0,4.5
KS,2023,76.714,145.0,224851.3,0.01,6.81,4.5,68000.0,14.0,150.0,0.5,10.0,4.5
KS,2024,84.34599999999999,8900.0,230522.1,0.017,6.5,4.5,68000.0,14.0,150.0,0.5,10.0,4.5
KY,2014,8.207,75909.0,203564.0,0.0,4.17,4.5,68000.0,14.0,150.0,0.5,10.0,9.5
KY,2015,8.207,75909.0,203564.0,0.0,3.85,4.5,68000.0,14.0,150.0,0.5,10.0,9.5
KY,2016,8.207,75909.0,203564.0,0.0,3.65,4.5,68000.0,14.0,150.0,0.5,10.0,9.5
KY,2017,8.207,75909.0,203564.0,0.0,3.99,4.5,68000.0,14.0,150.0,0.5,10.0,9.5
KY,2018,10.169,42469.0,210509.1,0.0,4.54,4.5,68000.0,14.0,150.0,0.5,10.0,9.5
KY,2019,16.5985,24014.0,214728.85,0.0,3.94,4.5,68000.0,14.0,150.0,0.5,10.0,9.5
KY,2020,23.028,5559.0,218948.6,0.0,3.11,4.5,68000.0,14.0,150.0,0.5,10.0,9.5
KY,2021,38.106,8276.0,238693.7,0.0,2.96,4.5,68000.0,14.0,150.0,0.5,10.0,9.5
KY,2022,58.367,5064.0,262586.6,0.0,5.34,4.5,68000.0,14.0,150.0,0.5,10.0,9.5
KY,2023,77.425,7243.0,283267.7,2.927,6.81,4.5,68000.0,14.0,150.0,0.5,10.0,9.5
KY,2024,90.56,21802.0,295375.3,3.5250000000000004,6.5,4.5,68000.0,14.0,150.0,0.5,10.0,9.5
LA,2014,119.755,16510.0,239830.7,0.0,4.17,4.5,68000.0,14.0,150.0,0.5,10.0,4.5
LA,2015,119.755,16510.0,239830.7,0.0,3.85,4.5,68000.0,14.0,150.0,0.5,10.0,4.5
LA,2016,119.755,16510.0,239830.7,0.0,3.65,4.5,68000.0,14.0,150.0,0.5,10.0,4.5
LA,2017,119.755,16510.0,239830.7,0.0,3.99,4.5,68000.0,14.0,150.0,0.5,10.0,4.5
LA,2018,136.007,21706.0,256444.4,0.0,4.54,4.5,68000.0,14.0,150.0,0.5,10.0,4.5
LA,2019,141.7555,22066.0,245048.2,0.0,3.94,4.5,68000.0,14.0,150.0,0.5,10.0,4.5
LA,2020,147.50400000000002,22426.0,233652.0,0.0,3.11,4.5,68000.0,14.0,150.0,0.5,10.0,4.5
LA,2021,152.917,31994.0,273063.3,0.0,2.96,4.5,68000.0,14.0,150.0,0.5,10.0,4.5
LA,2022,158.205,30492.0,304299.3,0.0,5.34,4.5,68000.0,14.0,150.0,0.5,10.0,4.5
LA,2023,182.677,38970.0,318044.3,0.01,6.81,4.5,68000.0,14.0,150.0,0.5,10.0,4.5
LA,2024,200.029,46523.0,329172.8,0.019,6.5,4.5,68000.0,14.0,150.0,0.5,10.0,4.5
MA,2014,1212.395,539893.0,530129.4,0.0,4.17,3.8,96000.0,29.0,900.0,0.5,35.0,4.5
MA,2015,1212.395,539893.0,530129.4,0.0,3.85,3.8,96000.0,29.0,900.0,0.5,35.0,4.5
MA,2016,1212.395,539893.0,530129.4,0.0,3.65,3.8,96000.0,29.0,900.0,0.5,35.0,4.5
MA,2017,1212.395,539893.0,530129.4,0.0,3.99,3.8,96000.0,29.0,900.0,0.5,35.0,4.5
MA,2018,1435.389,580441.0,559605.0,0.0,4.54,3.8,96000.0,29.0,900.0,0.5,35.0,4.5
MA,2019,1560.1145,453629.5,576230.25,0.0,3.94,3.8,96000.0,29.0,900.0,0.5,35.0,4.5
MA,2020,1684.84,326818.0,592855.5,0.0,3.11,3.8,96000.0,29.0,900.0,0.5,35.0,4.5
MA,2021,1832.661,654094.0,650308.8,0.0,2.96,3.8,96000.0,29.0,900.0,0.5,35.0,4.5
MA,2022,2527.416,310188.0,696323.1,0.0,5.34,3.8,96000.0,29.0,900.0,0.5,35.0,4.5
MA,2023,2653.382,350817.0,737867.4,144.07799999999995,6.81,3.8,96000.0,29.0,900.0,0.5,35.0,4.5
MA,2024,2943.6130000000003,429760.0,778523.4,156.641,6.5,3.8,96000.0,29.0,900.0,0.5,35.0,4.5
MD,2014,643.4060000000001,134356.0,399714.5,0.0,4.17,4.5,95000.0,14.0,630.0,0.5,10.0,4.5
MD,2015,643.4060000000001,134356.0,399714.5,0.0,3.85,4.5,95000.0,14.0,630.0,0.5,10.0,4.5
MD,2016,643.4060000000001,134356.0,399714.5,0.0,3.65,4.5,95000.0,14.0,630.0,0.5,10.0,4.5
MD,2017,643.4060000000001,134356.0,399714.5,0.0,3.99,4.5,95000.0,14.0,630.0,0.5,10.0,4.5
MD,2018,738.979,220978.0,410771.8,0.0,4.54,4.5,95000.0,14.0,630.0,0.5,10.0,4.5
MD,2019,800.73,225325.0,412288.15,0.0,3.94,4.5,95000.0,14.0,630.0,0.5,10.0,4.5
MD,2020,862.481,229672.0,413804.5,0.0,3.11,4.5,95000.0,14.0,630.0,0.5,10.0,4.5
MD,2021,936.023,229275.0,447714.3,0.0,2.96,4.5,95000.0,14.0,630.0,0.5,10.0,4.5
MD,2022,1034.218,249613.0,481861.4,0.0,5.34,4.5,95000.0,14.0,630.0,0.5,10.0,4.5
MD,2023,1072.062,313461.0,515035.9,5.726999999999999,6.81,4.5,95000.0,14.0,630.0,0.5,10.0,4.5
MD,2024,1146.434,330399.0,546028.4,7.035,6.5,4.5,95000.0,14.0,630.0,0.5,10.0,4.5
ME,2014,32.024,31097.0,63000.6,0.0,4.17,4.5,68000.0,14.0,150.0,0.5,10.0,4.5
ME,2015,32.024,31097.0,63000.6,0.0,3.85,4.5,68000.0,14.0,150.0,0.5,10.0,4.5
ME,2016,32.024,31097.0,63000.6,0.0,3.65,4.5,68000.0,14.0,150.0,0.5,10.0,4.5
ME,2017,32.024,31097.0,63000.6,0.0,3.99,4.5,68000.0,14.0,150.0,0.5,10.0,4.5
ME,2018,42.85,37558.0,66216.0,0.0,4.54,4.5,68000.0,14.0,150.0,0.5,10.0,4.5
ME,2019,57.352500000000006,38714.5,69262.85,0.0,3.94,4.5,68000.0,14.0,150.0,0.5,10.0,4.5
ME,2020,71.855,39871.0,72309.7,0.0,3.11,4.5,68000.0,14.0,150.0,0.5,10.0,4.5
ME,2021,123.01099999999998,50532.0,79407.6,0.0,2.96,4.5,68000.0,14.0,150.0,0.5,10.0,4.5
ME,2022,311.758,47409.0,86310.6,0.0,5.34,4.5,68000.0,14.0,150.0,0.5,10.0,4.5
ME,2023,548.5219999999999,36916.0,93743.8,0.124,6.81,4.5,68000.0,14.0,150.0,0.5,10.0,4.5
ME,2024,872.8199999999999,38419.0,99174.1,0.45,6.5,4.5,68000.0,14.0,150.0,0.5,10.0,4.5
MI,2014,28.544,226123.0,505101.5,0.0,4.17,4.5,68000.0,14.0,150.0,0.5,10.0,4.5
MI,2015,28.544,226123.0,505101.5,0.0,3.85,4.5,68000.0,14.0,150.0,0.5,10.0,4.5
MI,2016,28.544,226123.0,505101.5,0.0,3.65,4.5,68000.0,14.0,150.0,0.5,10.0,4.5
MI,2017,28.544,226123.0,505101.5,0.0,3.99,4.5,68000.0,14.0,150.0,0.5,10.0,4.5
MI,2018,40.861,245800.0,525240.8,0.0,4.54,4.5,68000.0,14.0,150.0,0.5,10.0,4.5
MI,2019,67.54299999999999,252770.5,527701.05,0.0,3.94,4.5,68000.0,14.0,150.0,0.5,10.0,4.5
MI,2020,94.225,259741.0,530161.3,0.0,3.11,4.5,68000.0,14.0,150.0,0.5,10.0,4.5
MI,2021,119.795,336607.0,573329.4,0.0,2.96,4.5,68000.0,14.0,150.0,0.5,10.0,4.5
MI,2022,152.685,342183.0,624173.2,0.0,5.34,4.5,68000.0,14.0,150.0,0.5,10.0,4.5
MI,2023,185.444,387687.0,676030.8,10.861,6.81,4.5,68000.0,14.0,150.0,0.5,10.0,4.5
MI,2024,222.785,416999.0,702466.9,26.239,6.5,4.5,68000.0,14.0,150.0,0.5,10.0,4.5
MN,2014,46.66,144601.0,354721.9,0.0,4.17,4.5,68000.0,14.0,150.0,0.5,10.0,4.5
MN,2015,46.66,144601.0,354721.9,0.0,3.85,4.5,68000.0,14.0,150.0,0.5,10.0,4.5
MN,2016,46.66,144601.0,354721.9,0.0,3.65,4.5,68000.0,14.0,150.0,0.5,10.0,4.5
MN,2017,46.66,144601.0,354721.9,0.0,3.99,4.5,68000.0,14.0,150.0,0.5,10.0,4.5
MN,2018,62.334,147355.0,372439.2,0.0,4.54,4.5,68000.0,14.0,150.0,0.5,10.0,4.5
MN,2019,82.74549999999999,135008.0,375704.30000000005,0.0,3.94,4.5,68000.0,14.0,150.0,0.5,10.0,4.5
MN,2020,103.157,122661.0,378969.4,0.0,3.11,4.5,68000.0,14.0,150.0,0.5,10.0,4.5
MN,2021,137.205,148473.0,416141.9,0.0,2.96,4.5,68000.0,14.0,150.0,0.5,10.0,4.5
MN,2022,183.318,138449.0,457393.8,0.0,5.34,4.5,68000.0,14.0,150.0,0.5,10.0,4.5
MN,2023,248.44,131161.0,483222.0,0.864,6.81,4.5,68000.0,14.0,150.0,0.5,10.0,4.5
MN,2024,291.898,152856.0,507687.8,1.3110000000000002,6.5,4.5,68000.0,14.0,150.0,0.5,10.0,4.5
MO,2014,132.509,98288.0,311273.8,0.0,4.17,4.5,68000.0,14.0,150.0,0.5,10.0,4.5
MO,2015,132.509,98288.0,311273.8,0.0,3.85,4.5,68000.0,14.0,150.0,0.5,10.0,4.5
MO,2016,132.509,98288.0,311273.8,0.0,3.65,4.5,68000.0,14.0,150.0,0.5,10.0,4.5
MO,2017,132.509,98288.0,311273.8,0.0,3.99,4.5,68000.0,14.0,150.0,0.5,10.0,4.5
MO,2018,150.69,91106.0,320451.6,0.0,4.54,4.5,68000.0,14.0,150.0,0.5,10.0,4.5
MO,2019,187.664,88124.5,328211.19999999995,0.0,3.94,4.5,68000.0,14.0,150.0,0.5,10.0,4.5
MO,2020,224.638,85143.0,335970.8,0.0,3.11,4.5,68000.0,14.0,150.0,0.5,10.0,4.5
MO,2021,272.711,106076.0,366193.1,0.0,2.96,4.5,68000.0,14.0,150.0,0.5,10.0,4.5
MO,2022,325.092,101548.0,397536.9,0.0,5.34,4.5,68000.0,14.0,150.0,0.5,10.0,4.5
MO,2023,381.122,82780.0,428887.3,5.236999999999999,6.81,4.5,68000.0,14.0,150.0,0.5,10.0,4.5
MO,2024,410.178,87342.0,448713.7,6.077,6.5,4.5,68000.0,14.0,150.0,0.5,10.0,4.5
MS,2014,3.127,31012.0,110281.4,0.0,4.17,4.5,68000.0,14.0,150.0,0.5,10.0,4.5
MS,2015,3.127,31012.0,110281.4,0.0,3.85,4.5,68000.0,14.0,150.0,0.5,10.0,4.5
MS,2016,3.127,31012.0,110281.4,0.0,3.65,4.5,68000.0,14.0,150.0,0.5,10.0,4.5
MS,2017,3.127,31012.0,110281.4,0.0,3.99,4.5,68000.0,14.0,150.0,0.5,10.0,4.5
MS,2018,4.497,17446.0,113166.4,0.0,4.54,4.5,68000.0,14.0,150.0,0.5,10.0,4.5
MS,2019,5.159,14024.0,115304.0,0.0,3.94,4.5,68000.0,14.0,150.0,0.5,10.0,4.5
MS,2020,5.821,10602.0,117441.6,0.0,3.11,4.5,68000.0,14.0,150.0,0.5,10.0,4.5
MS,2021,7.213,16312.0,130404.6,0.0,2.96,4.5,68000.0,14.0,150.0,0.5,10.0,4.5
MS,2022,9.228,24402.0,141724.2,0.0,5.34,4.5,68000.0,14.0,150.0,0.5,10.0,4.5
MS,2023,10.849,26611.0,151511.9,0.081,6.81,4.5,68000.0,14.0,150.0,0.5,10.0,4.5
MS,2024,14.411,25664.0,158192.4,0.096,6.5,4.5,68000.0,14.0,150.0,0.5,10.0,4.5
MT,2014,10.907,14311.0,48470.5,0.0,4.17,4.5,68000.0,14.0,150.0,0.5,10.0,4.5
MT,2015,10.907,14311.0,48470.5,0.0,3.85,4.5,68000.0,14.0,150.0,0.5,10.0,4.5
MT,2016,10.907,14311.0,48470.5,0.0,3.65,4.5,68000.0,14.0,150.0,0.5,10.0,4.5
MT,2017,10.907,14311.0,48470.5,0.0,3.99,4.5,68000.0,14.0,150.0,0.5,10.0,4.5
MT,2018,13.425000000000002,15328.0,51152.1,0.0,4.54,4.5,68000.0,14.0,150.0,0.5,10.0,4.5
MT,2019,18.229000000000003,13119.5,52104.7,0.0,3.94,4.5,68000.0,14.0,150.0,0.5,10.0,4.5
MT,2020,23.033,10911.0,53057.3,0.0,3.11,4.5,68000.0,14.0,150.0,0.5,10.0,4.5
MT,2021,28.016,12190.0,60314.8,0.0,2.96,4.5,68000.0,14.0,150.0,0.5,10.0,4.5
MT,2022,38.371,14778.0,69087.8,0.0,5.34,4.5,68000.0,14.0,150.0,0.5,10.0,4.5
MT,2023,58.484,13625.0,74690.3,1.179,6.81,4.5,68000.0,14.0,150.0,0.5,10.0,4.5
MT,2024,79.77999999999999,13177.0,78441.0,2.978,6.5,4.5,68000.0,14.0,150.0,0.5,10.0,4.5
NC,2014,60.756,193321.0,546810.1,0.0,4.17,4.5,68000.0,14.0,150.0,0.5,10.0,4.5
NC,2015,60.756,193321.0,546810.1,0.0,3.85,4.5,68000.0,14.0,150.0,0.5,10.0,4.5
NC,2016,60.756,193321.0,546810.1,0.0,3.65,4.5,68000.0,14.0,150.0,0.5,10.0,4.5
NC,2017,60.756,193321.0,546810.1,0.0,3.99,4.5,68000.0,14.0,150.0,0.5,10.0,4.5
NC,2018,88.217,168353.0,568037.3,0.0,4.54,4.5,68000.0,14.0,150.0,0.5,10.0,4.5
NC,2019,137.6895,144988.5,584132.1000000001,0.0,3.94,4.5,68000.0,14.0,150.0,0.5,10.0,4.5
NC,2020,187.162,121624.0,600226.9,0.0,3.11,4.5,68000.0,14.0,150.0,0.5,10.0,4.5
NC,2021,251.745,119031.0,660804.7,0.0,2.96,4.5,68000.0,14.0,150.0,0.5,10.0,4.5
NC,2022,345.423,116065.0,729761.9,0.0,5.34,4.5,68000.0,14.0,150.0,0.5,10.0,4.5
NC,2023,439.581,133757.0,794838.0,19.857000000000003,6.81,4.5,68000.0,14.0,150.0,0.5,10.0,4.5
NC,2024,521.193,145566.0,844209.0,19.358,6.5,4.5,68000.0,14.0,150.0,0.5,10.0,4.5
ND,2014,0.2239999999999999,271.0,56530.2,0.0,4.17,4.5,68000.0,14.0,150.0,0.5,10.0,9.2
ND,2015,0.2239999999999999,271.0,56530.2,0.0,3.85,4.5,68000.0,14.0,150.0,0.5,10.0,9.2
ND,2016,0.2239999999999999,271.0,56530.2,0.0,3.65,4.5,68000.0,14.0,150.0,0.5,10.0,9.2
ND,2017,0.2239999999999999,271.0,56530.2,0.0,3.99,4.5,68000.0,14.0,150.0,0.5,10.0,9.2
ND,2018,0.334,227.0,60377.1,0.0,4.54,4.5,68000.0,14.0,150.0,0.5,10.0,9.2
ND,2019,0.3725,158.0,58349.25,0.0,3.94,4.5,68000.0,14.0,150.0,0.5,10.0,9.2
ND,2020,0.411,89.0,56321.4,0.0,3.11,4.5,68000.0,14.0,150.0,0.5,10.0,9.2
ND,2021,0.7,190.0,64830.0,0.0,2.96,4.5,68000.0,14.0,150.0,0.5,10.0,9.2
ND,2022,1.052,87.0,75052.1,0.0,5.34,4.5,68000.0,14.0,150.0,0.5,10.0,9.2
ND,2023,1.299,85.0,77898.1,0.0,6.81,4.5,68000.0,14.0,150.0,0.5,10.0,9.2
ND,2024,1.268,98.0,80058.3,0.0,6.5,4.5,68000.0,14.0,150.0,0.5,10.0,9.2
NE,2014,3.944,8755.0,123219.9,0.0,4.17,4.5,68000.0,14.0,150.0,0.5,10.0,4.5
NE,2015,3.944,8755.0,123219.9,0.0,3.85,4.5,68000.0,14.0,150.0,0.5,10.0,4.5
NE,2016,3.944,8755.0,123219.9,0.0,3.65,4.5,68000.0,14.0,150.0,0.5,10.0,4.5
NE,2017,3.944,8755.0,123219.9,0.0,3.99,4.5,68000.0,14.0,150.0,0.5,10.0,4.5
NE,2018,6.186,7156.0,127954.4,0.0,4.54,4.5,68000.0,14.0,150.0,0.5,10.0,4.5
NE,2019,6.84,6838.0,131484.45,0.0,3.94,4.5,68000.0,14.0,150.0,0.5,10.0,4.5
NE,2020,7.494000000000001,6520.0,135014.5,0.0,3.11,4.5,68000.0,14.0,150.0,0.5,10.0,4.5
NE,2021,10.918,4990.0,150952.5,0.0,2.96,4.5,68000.0,14.0,150.0,0.5,10.0,4.5
NE,2022,18.482,6659.0,167840.2,0.0,5.34,4.5,68000.0,14.0,150.0,0.5,10.0,4.5
NE,2023,26.176,7268.0,183780.9,0.154,6.81,4.5,68000.0,14.0,150.0,0.5,10.0,4.5
NE,2024,27.001,8118.0,189242.7,0.173,6.5,4.5,68000.0,14.0,150.0,0.5,10.0,4.5
NH,2014,69.694,26239.0,81179.6,0.0,4.17,4.5,68000.0,14.0,150.0,0.5,10.0,4.5
NH,2015,69.694,26239.0,81179.6,0.0,3.85,4.5,68000.0,14.0,150.0,0.5,10.0,4.5
NH,2016,69.694,26239.0,81179.6,0.0,3.65,4.5,68000.0,14.0,150.0,0.5,10.0,4.5
NH,2017,69.694,26239.0,81179.6,0.0,3.99,4.5,68000.0,14.0,150.0,0.5,10.0,4.5
NH,2018,82.02199999999999,35829.0,83859.4,0.0,4.54,4.5,68000.0,14.0,150.0,0.5,10.0,4.5
NH,2019,100.47,48333.5,86450.5,0.0,3.94,4.5,68000.0,14.0,150.0,0.5,10.0,4.5
NH,2020,118.918,60838.0,89041.6,0.0,3.11,4.5,68000.0,14.0,150.0,0.5,10.0,4.5
NH,2021,146.947,62053.0,99433.3,0.0,2.96,4.5,68000.0,14.0,150.0,0.5,10.0,4.5
NH,2022,179.612,47270.0,106824.6,0.0,5.34,4.5,68000.0,14.0,150.0,0.5,10.0,4.5
NH,2023,230.136,51022.0,114427.8,0.676,6.81,4.5,68000.0,14.0,150.0,0.5,10.0,4.5
NH,2024,267.095,60792.0,119336.6,7.511,6.5,4.5,68000.0,14.0,150.0,0.5,10.0,4.5
NJ,2014,1446.581,210805.0,590086.7,0.0,4.17,4.5,96000.0,14.0,1200.0,1.8,10.0,4.5
NJ,2015,1446.581,210805.0,590086.7,0.0,3.85,4.5,96000.0,14.0,1200.0,1.8,10.0,4.5
NJ,2016,1446.581,210805.0,590086.7,0.0,3.65,4.5,96000.0,14.0,1200.0,1.8,10.0,4.5
NJ,2017,1446.581,210805.0,590086.7,0.0,3.99,4.5,96000.0,14.0,1200.0,1.8,10.0,4.5
NJ,2018,1665.094,173314.0,619340.2,0.0,4.54,4.5,96000.0,14.0,1200.0,1.8,10.0,4.5
NJ,2019,1909.502,188039.0,625951.25,0.0,3.94,4.5,96000.0,14.0,1200.0,1.8,10.0,4.5
NJ,2020,2153.91,202764.0,632562.3,0.0,3.11,4.5,96000.0,14.0,1200.0,1.8,10.0,4.5
NJ,2021,2348.009,325926.0,693733.8,0.0,2.96,4.5,96000.0,14.0,1200.0,1.8,10.0,4.5
NJ,2022,2692.202,521126.0,756465.6,0.0,5.34,4.5,96000.0,14.0,1200.0,1.8,10.0,4.5
NJ,2023,2693.002,687532.0,806894.0,12.551,6.81,4.5,96000.0,14.0,1200.0,1.8,10.0,4.5
NJ,2024,2883.3540000000003,816979.0,846000.4,16.709,6.5,4.5,96000.0,14.0,1200.0,1.8,10.0,4.5
NM,2014,122.99,37395.0,93210.1,0.0,4.17,6.7,68000.0,14.0,150.0,0.5,100.0,4.5
NM,2015,122.99,37395.0,93210.1,0.0,3.85,6.7,68000.0,14.0,150.0,0.5,100.0,4.5
NM,2016,122.99,37395.0,93210.1,0.0,3.65,6.7,68000.0,14.0,150.0,0.5,100.0,4.5
NM,2017,122.99,37395.0,93210.1,0.0,3.99,6.7,68000.0,14.0,150.0,0.5,100.0,4.5
NM,2018,150.212,39403.0,98838.2,0.0,4.54,6.7,68000.0,14.0,150.0,0.5,100.0,4.5
NM,2019,187.0405,36322.0,99936.85,0.0,3.94,6.7,68000.0,14.0,150.0,0.5,100.0,4.5
NM,2020,223.869,33241.0,101035.5,0.0,3.11,6.7,68000.0,14.0,150.0,0.5,100.0,4.5
NM,2021,278.192,37178.0,113781.7,0.0,2.96,6.7,68000.0,14.0,150.0,0.5,100.0,4.5
NM,2022,329.87100000000004,40666.0,129469.1,0.0,5.34,6.7,68000.0,14.0,150.0,0.5,100.0,4.5
NM,2023,394.757,51383.0,138526.0,0.875,6.81,6.7,68000.0,14.0,150.0,0.5,100.0,4.5
NM,2024,428.06,43583.0,147084.9,1.022,6.5,6.7,68000.0,14.0,150.0,0.5,100.0,4.5
NV,2014,227.302,28241.0,163199.1,0.0,4.17,6.4,68000.0,14.0,150.0,1.9,10.0,4.5
NV,2015,227.302,28241.0,163199.1,0.0,3.85,6.4,68000.0,14.0,150.0,1.9,10.0,4.5
NV,2016,227.302,28241.0,163199.1,0.0,3.65,6.4,68000.0,14.0,150.0,1.9,10.0,4.5
NV,2017,227.302,28241.0,163199.1,0.0,3.99,6.4,68000.0,14.0,150.0,1.9,10.0,4.5
NV,2018,301.691,26618.0,172547.9,0.0,4.54,6.4,68000.0,14.0,150.0,1.9,10.0,4.5
NV,2019,409.4654999999999,29061.5,174363.3,0.0,3.94,6.4,68000.0,14.0,150.0,1.9,10.0,4.5
NV,2020,517.2399999999999,31505.0,176178.7,0.0,3.11,6.4,68000.0,14.0,150.0,1.9,10.0,4.5
NV,2021,636.8580000000001,32719.0,202091.8,0.0,2.96,6.4,68000.0,14.0,150.0,1.9,10.0,4.5
NV,2022,775.261,27995.0,232437.9,0.0,5.34,6.4,68000.0,14.0,150.0,1.9,10.0,4.5
NV,2023,952.312,42666.0,253443.3,19.762,6.81,6.4,68000.0,14.0,150.0,1.9,10.0,4.5
NV,2024,1123.952,38676.0,269010.5,25.807,6.5,6.4,68000.0,14.0,150.0,1.9,10.0,4.5
NY,2014,990.117,392007.0,1624800.7,0.0,4.17,4.0,81000.0,24.5,150.0,1.2,70.0,2.0
NY,2015,990.117,392007.0,1624800.7,0.0,3.85,4.0,81000.0,24.5,150.0,1.2,70.0,2.0
NY,2016,990.117,392007.0,1624800.7,0.0,3.65,4.0,81000.0,24.5,150.0,1.2,70.0,2.0
NY,2017,990.117,392007.0,1624800.7,0.0,3.99,4.0,81000.0,24.5,150.0,1.2,70.0,2.0
NY,2018,1244.279,391239.0,1710665.6,0.0,4.54,4.0,81000.0,24.5,150.0,1.2,70.0,2.0
NY,2019,1522.7265,428535.0,1746584.0,0.0,3.94,4.0,81000.0,24.5,150.0,1.2,70.0,2.0
NY,2020,1801.174,465831.0,1782502.4,0.0,3.11,4.0,81000.0,24.5,150.0,1.2,70.0,2.0
NY,2021,2175.657,466650.0,1934524.0,0.0,2.96,4.0,81000.0,24.5,150.0,1.2,70.0,2.0
NY,2022,2576.957,465138.0,2071075.2,0.0,5.34,4.0,81000.0,24.5,150.0,1.2,70.0,2.0
NY,2023,2905.315,459654.0,2182549.0,114.397,6.81,4.0,81000.0,24.5,150.0,1.2,70.0,2.0
NY,2024,3291.89,632542.0,2322138.9,177.173,6.5,4.0,81000.0,24.5,150.0,1.2,70.0,2.0
OH,2014,104.648,188121.0,652187.5,0.0,4.17,4.5,68000.0,14.0,150.0,0.5,10.0,4.5
OH,2015,104.648,188121.0,652187.5,0.0,3.85,4.5,68000.0,14.0,150.0,0.5,10.0,4.5
OH,2016,104.648,188121.0,652187.5,0.0,3.65,4.5,68000.0,14.0,150.0,0.5,10.0,4.5
OH,2017,104.648,188121.0,652187.5,0.0,3.99,4.5,68000.0,14.0,150.0,0.5,10.0,4.5
OH,2018,121.705,177511.0,672540.1,0.0,4.54,4.5,68000.0,14.0,150.0,0.5,10.0,4.5
OH,2019,158.5835,171131.0,682739.2,0.0,3.94,4.5,68000.0,14.0,150.0,0.5,10.0,4.5
OH,2020,195.462,164751.0,692938.3,0.0,3.11,4.5,68000.0,14.0,150.0,0.5,10.0,4.5
OH,2021,221.851,7583.0,764161.4,0.0,2.96,4.5,68000.0,14.0,150.0,0.5,10.0,4.5
OH,2022,265.501,8145.0,830498.8,0.0,5.34,4.5,68000.0,14.0,150.0,0.5,10.0,4.5
OH,2023,348.678,14389.0,883957.1,10.866,6.81,4.5,68000.0,14.0,150.0,0.5,10.0,4.5
OH,2024,416.913,18658.0,923140.6,14.19,6.5,4.5,68000.0,14.0,150.0,0.5,10.0,4.5
OK,2014,4.143,83652.0,192538.6,0.0,4.17,4.5,68000.0,14.0,150.0,0.5,10.0,4.5
OK,2015,4.143,83652.0,192538.6,0.0,3.85,4.5,68000.0,14.0,150.0,0.5,10.0,4.5
OK,2016,4.143,83652.0,192538.6,0.0,3.65,4.5,68000.0,14.0,150.0,0.5,10.0,4.5
OK,2017,4.143,83652.0,192538.6,0.0,3.99,4.5,68000.0,14.0,150.0,0.5,10.0,4.5
OK,2018,7.148000000000001,83966.0,204193.9,0.0,4.54,4.5,68000.0,14.0,150.0,0.5,10.0,4.5
OK,2019,13.48,74064.0,198207.95,0.0,3.94,4.5,68000.0,14.0,150.0,0.5,10.0,4.5
OK,2020,19.812,64162.0,192222.0,0.0,3.11,4.5,68000.0,14.0,150.0,0.5,10.0,4.5
OK,2021,35.74,64212.0,219132.4,0.0,2.96,4.5,68000.0,14.0,150.0,0.5,10.0,4.5
OK,2022,63.692,62318.0,247541.5,0.0,5.34,4.5,68000.0,14.0,150.0,0.5,10.0,4.5
OK,2023,109.837,69314.0,255933.2,1.5549999999999995,6.81,4.5,68000.0,14.0,150.0,0.5,10.0,4.5
OK,2024,143.949,71625.0,263695.1,2.678,6.5,4.5,68000.0,14.0,150.0,0.5,10.0,4.5
OR,2014,110.278,155958.0,225534.5,0.0,4.17,4.5,68000.0,14.0,150.0,1.8,100.0,1.0
OR,2015,110.278,155958.0,225534.5,0.0,3.85,4.5,68000.0,14.0,150.0,1.8,100.0,1.0
OR,2016,110.278,155958.0,225534.5,0.0,3.65,4.5,68000.0,14.0,150.0,1.8,100.0,1.0
OR,2017,110.278,155958.0,225534.5,0.0,3.99,4.5,68000.0,14.0,150.0,1.8,100.0,1.0
OR,2018,131.24,154783.0,238466.9,0.0,4.54,4.5,68000.0,14.0,150.0,1.8,100.0,1.0
OR,2019,154.57150000000001,157320.5,244563.75,0.0,3.94,4.5,68000.0,14.0,150.0,1.8,100.0,1.0
OR,2020,177.903,159858.0,250660.6,0.0,3.11,4.5,68000.0,14.0,150.0,1.8,100.0,1.0
OR,2021,220.165,143037.0,276367.7,0.0,2.96,4.5,68000.0,14.0,150.0,1.8,100.0,1.0
OR,2022,295.773,129380.0,297084.3,0.0,5.34,4.5,68000.0,14.0,150.0,1.8,100.0,1.0
OR,2023,379.581,179644.0,314895.0,6.215,6.81,4.5,68000.0,14.0,150.0,1.8,100.0,1.0
OR,2024,448.11,138243.0,330250.1,8.171,6.5,4.5,68000.0,14.0,150.0,1.8,100.0,1.0
PA,2014,282.104,225492.0,754318.0,0.0,4.17,4.5,68000.0,14.0,150.0,0.5,10.0,4.5
PA,2015,282.104,225492.0,754318.0,0.0,3.85,4.5,68000.0,14.0,150.0,0.5,10.0,4.5
PA,2016,282.104,225492.0,754318.0,0.0,3.65,4.5,68000.0,14.0,150.0,0.5,10.0,4.5
PA,2017,282.104,225492.0,754318.0,0.0,3.99,4.5,68000.0,14.0,150.0,0.5,10.0,4.5
PA,2018,331.70300000000003,197570.0,780620.7,0.0,4.54,4.5,68000.0,14.0,150.0,0.5,10.0,4.5
PA,2019,401.877,176605.5,779458.95,0.0,3.94,4.5,68000.0,14.0,150.0,0.5,10.0,4.5
PA,2020,472.051,155641.0,778297.2,0.0,3.11,4.5,68000.0,14.0,150.0,0.5,10.0,4.5
PA,2021,532.16,98037.0,844875.5,0.0,2.96,4.5,68000.0,14.0,150.0,0.5,10.0,4.5
PA,2022,639.481,141136.0,916861.7,0.0,5.34,4.5,68000.0,14.0,150.0,0.5,10.0,4.5
PA,2023,823.1229999999999,193923.0,966444.0,9.782,6.81,4.5,68000.0,14.0,150.0,0.5,10.0,4.5
PA,2024,988.427,245164.0,1007873.9,11.066,6.5,4.5,68000.0,14.0,150.0,0.5,10.0,4.5
RI,2014,25.875,83922.0,58771.6,0.0,4.17,4.5,68000.0,28.5,1000.0,0.5,10.0,4.5
RI,2015,25.875,83922.0,58771.6,0.0,3.85,4.5,68000.0,28.5,1000.0,0.5,10.0,4.5
RI,2016,25.875,83922.0,58771.6,0.0,3.65,4.5,68000.0,28.5,1000.0,0.5,10.0,4.5
RI,2017,25.875,83922.0,58771.6,0.0,3.99,4.5,68000.0,28.5,1000.0,0.5,10.0,4.5
RI,2018,64.805,87754.0,60064.9,0.0,4.54,4.5,68000.0,28.5,1000.0,0.5,10.0,4.5
RI,2019,124.836,87321.0,61022.9,0.0,3.94,4.5,68000.0,28.5,1000.0,0.5,10.0,4.5
RI,2020,184.867,86888.0,61980.9,0.0,3.11,4.5,68000.0,28.5,1000.0,0.5,10.0,4.5
RI,2021,259.723,93375.0,67060.0,0.0,2.96,4.5,68000.0,28.5,1000.0,0.5,10.0,4.5
RI,2022,294.117,77067.0,71978.2,0.0,5.34,4.5,68000.0,28.5,1000.0,0.5,10.0,4.5
RI,2023,413.396,95990.0,76313.5,0.071,6.81,4.5,68000.0,28.5,1000.0,0.5,10.0,4.5
RI,2024,180.704,81372.0,80381.1,10.166,6.5,4.5,68000.0,28.5,1000.0,0.5,10.0,4.5
SC,2014,114.077,75043.0,224937.6,0.0,4.17,4.5,68000.0,14.0,150.0,0.5,10.0,4.5
SC,2015,114.077,75043.0,224937.6,0.0,3.85,4.5,68000.0,14.0,150.0,0.5,10.0,4.5
SC,2016,114.077,75043.0,224937.6,0.0,3.65,4.5,68000.0,14.0,150.0,0.5,10.0,4.5
SC,2017,114.077,75043.0,224937.6,0.0,3.99,4.5,68000.0,14.0,150.0,0.5,10.0,4.5
SC,2018,176.43800000000002,63376.0,236561.7,0.0,4.54,4.5,68000.0,14.0,150.0,0.5,10.0,4.5
SC,2019,208.162,56301.0,242757.2,0.0,3.94,4.5,68000.0,14.0,150.0,0.5,10.0,4.5
SC,2020,239.886,49226.0,248952.7,0.0,3.11,4.5,68000.0,14.0,150.0,0.5,10.0,4.5
SC,2021,274.306,60799.0,272464.9,0.0,2.96,4.5,68000.0,14.0,150.0,0.5,10.0,4.5
SC,2022,318.12100000000004,50437.0,305070.0,0.0,5.34,4.5,68000.0,14.0,150.0,0.5,10.0,4.5
SC,2023,352.967,63994.0,332946.8,5.102,6.81,4.5,68000.0,14.0,150.0,0.5,10.0,4.5
SC,2024,373.937,69413.0,357074.4,5.688,6.5,4.5,68000.0,14.0,150.0,0.5,10.0,4.5
SD,2014,0.844,4885.0,51615.1,0.0,4.17,4.5,68000.0,14.0,150.0,0.5,10.0,4.5
SD,2015,0.844,4885.0,51615.1,0.0,3.85,4.5,68000.0,14.0,150.0,0.5,10.0,4.5
SD,2016,0.844,4885.0,51615.1,0.0,3.65,4.5,68000.0,14.0,150.0,0.5,10.0,4.5
SD,2017,0.844,4885.0,51615.1,0.0,3.99,4.5,68000.0,14.0,150.0,0.5,10.0,4.5
SD,2018,0.474,3620.0,53349.5,0.0,4.54,4.5,68000.0,14.0,150.0,0.5,10.0,4.5
SD,2019,0.6185,3640.0,55098.4,0.0,3.94,4.5,68000.0,14.0,150.0,0.5,10.0,4.5
SD,2020,0.763,3660.0,56847.3,0.0,3.11,4.5,68000.0,14.0,150.0,0.5,10.0,4.5
SD,2021,0.878,2922.0,63337.7,0.0,2.96,4.5,68000.0,14.0,150.0,0.5,10.0,4.5
SD,2022,1.247,2456.0,69425.6,0.0,5.34,4.5,68000.0,14.0,150.0,0.5,10.0,4.5
SD,2023,3.103,1457.0,74458.8,0.0,6.81,4.5,68000.0,14.0,150.0,0.5,10.0,4.5
SD,2024,4.583,18207.0,76795.8,0.0,6.5,4.5,68000.0,14.0,150.0,0.5,10.0,4.5
TN,2014,0.44,30762.0,355417.5,0.0,4.17,4.5,68000.0,14.0,150.0,0.5,10.0,4.5
TN,2015,0.44,30762.0,355417.5,0.0,3.85,4.5,68000.0,14.0,150.0,0.5,10.0,4.5
TN,2016,0.44,30762.0,355417.5,0.0,3.65,4.5,68000.0,14.0,150.0,0.5,10.0,4.5
TN,2017,0.44,30762.0,355417.5,0.0,3.99,4.5,68000.0,14.0,150.0,0.5,10.0,4.5
TN,2018,0.456,24241.0,369713.2,0.0,4.54,4.5,68000.0,14.0,150.0,0.5,10.0,4.5
TN,2019,0.7590000000000001,19147.5,380650.9,0.0,3.94,4.5,68000.0,14.0,150.0,0.5,10.0,4.5
TN,2020,1.062,14054.0,391588.6,0.0,3.11,4.5,68000.0,14.0,150.0,0.5,10.0,4.5
TN,2021,1.189,20307.0,443419.7,0.0,2.96,4.5,68000.0,14.0,150.0,0.5,10.0,4.5
TN,2022,0.816,26591.0,490587.0,0.0,5.34,4.5,68000.0,14.0,150.0,0.5,10.0,4.5
TN,2023,0.956,28548.0,531246.8,0.192,6.81,4.5,68000.0,14.0,150.0,0.5,10.0,4.5
TN,2024,1.023,43524.0,561201.2,0.224,6.5,4.5,68000.0,14.0,150.0,0.5,10.0,4.5
TX,2014,174.549,138872.0,1667313.0,0.0,4.17,6.7,72000.0,14.0,150.0,0.5,5.0,4.5
TX,2015,174.549,138872.0,1667313.0,0.0,3.85,6.7,72000.0,14.0,150.0,0.5,5.0,4.5
TX,2016,174.549,138872.0,1667313.0,0.0,3.65,6.7,72000.0,14.0,150.0,0.5,5.0,4.5
TX,2017,174.549,138872.0,1667313.0,0.0,3.99,6.7,72000.0,14.0,150.0,0.5,5.0,4.5
TX,2018,204.10200000000003,134360.0,1808026.9,0.0,4.54,6.7,72000.0,14.0,150.0,0.5,5.0,4.5
TX,2019,344.357,151919.5,1809348.5499999998,0.0,3.94,6.7,72000.0,14.0,150.0,0.5,5.0,4.5
TX,2020,484.612,169479.0,1810670.2,0.0,3.11,6.7,72000.0,14.0,150.0,0.5,5.0,4.5
TX,2021,627.165,168381.0,2117013.7,0.0,2.96,6.7,72000.0,14.0,150.0,0.5,5.0,4.5
TX,2022,776.307,170642.0,2476903.2,0.0,5.34,6.7,72000.0,14.0,150.0,0.5,5.0,4.5
TX,2023,1005.579,175531.0,2637237.6,39.386,6.81,6.7,72000.0,14.0,150.0,0.5,5.0,4.5
TX,2024,1132.331,217377.0,2769766.2,52.734,6.5,6.7,72000.0,14.0,150.0,0.5,5.0,4.5
UT,2014,193.297,53184.0,172075.0,0.0,4.17,4.5,68000.0,14.0,150.0,0.5,10.0,4.5
UT,2015,193.297,53184.0,172075.0,0.0,3.85,4.5,68000.0,14.0,150.0,0.5,10.0,4.5
UT,2016,193.297,53184.0,172075.0,0.0,3.65,4.5,68000.0,14.0,150.0,0.5,10.0,4.5
UT,2017,193.297,53184.0,172075.0,0.0,3.99,4.5,68000.0,14.0,150.0,0.5,10.0,4.5
UT,2018,238.385,45655.0,186805.7,0.0,4.54,4.5,68000.0,14.0,150.0,0.5,10.0,4.5
UT,2019,281.8195,51208.0,196523.1,0.0,3.94,4.5,68000.0,14.0,150.0,0.5,10.0,4.5
UT,2020,325.254,56761.0,206240.5,0.0,3.11,4.5,68000.0,14.0,150.0,0.5,10.0,4.5
UT,2021,382.725,54969.0,233320.9,0.0,2.96,4.5,68000.0,14.0,150.0,0.5,10.0,4.5
UT,2022,459.611,57337.0,261548.5,0.0,5.34,4.5,68000.0,14.0,150.0,0.5,10.0,4.5
UT,2023,524.803,66760.0,283230.8,51.173,6.81,4.5,68000.0,14.0,150.0,0.5,10.0,4.5
UT,2024,582.0930000000001,68496.0,299471.3,60.667,6.5,4.5,68000.0,14.0,150.0,0.5,10.0,4.5
VA,2014,45.438,32919.0,515167.2,0.0,4.17,4.5,68000.0,14.0,150.0,0.5,10.0,4.5
VA,2015,45.438,32919.0,515167.2,0.0,3.85,4.5,68000.0,14.0,150.0,0.5,10.0,4.5
VA,2016,45.438,32919.0,515167.2,0.0,3.65,4.5,68000.0,14.0,150.0,0.5,10.0,4.5
VA,2017,45.438,32919.0,515167.2,0.0,3.99,4.5,68000.0,14.0,150.0,0.5,10.0,4.5
VA,2018,66.589,25030.0,537158.3,0.0,4.54,4.5,68000.0,14.0,150.0,0.5,10.0,4.5
VA,2019,117.3495,31153.5,551629.9,0.0,3.94,4.5,68000.0,14.0,150.0,0.5,10.0,4.5
VA,2020,168.11,37277.0,566101.5,0.0,3.11,4.5,68000.0,14.0,150.0,0.5,10.0,4.5
VA,2021,240.848,62060.0,616187.9,0.0,2.96,4.5,68000.0,14.0,150.0,0.5,10.0,4.5
VA,2022,273.441,78173.0,665624.7,0.0,5.34,4.5,68000.0,14.0,150.0,0.5,10.0,4.5
VA,2023,629.307,94526.0,722767.4,3.119,6.81,4.5,68000.0,14.0,150.0,0.5,10.0,4.5
VA,2024,726.2330000000001,98864.0,761733.8,3.675,6.5,4.5,68000.0,14.0,150.0,0.5,10.0,4.5
VT,2014,93.252,70781.0,32589.2,0.0,4.17,4.5,68000.0,14.0,150.0,0.5,10.0,4.5
VT,2015,93.252,70781.0,32589.2,0.0,3.85,4.5,68000.0,14.0,150.0,0.5,10.0,4.5
VT,2016,93.252,70781.0,32589.2,0.0,3.65,4.5,68000.0,14.0,150.0,0.5,10.0,4.5
VT,2017,93.252,70781.0,32589.2,0.0,3.99,4.5,68000.0,14.0,150.0,0.5,10.0,4.5
VT,2018,108.036,46066.0,33482.6,0.0,4.54,4.5,68000.0,14.0,150.0,0.5,10.0,4.5
VT,2019,117.12049999999999,45156.5,34027.45,0.0,3.94,4.5,68000.0,14.0,150.0,0.5,10.0,4.5
VT,2020,126.205,44247.0,34572.3,0.0,3.11,4.5,68000.0,14.0,150.0,0.5,10.0,4.5
VT,2021,139.302,40022.0,37290.8,0.0,2.96,4.5,68000.0,14.0,150.0,0.5,10.0,4.5
VT,2022,154.894,42534.0,41211.2,0.0,5.34,4.5,68000.0,14.0,150.0,0.5,10.0,4.5
VT,2023,170.627,40805.0,43931.6,0.0,6.81,4.5,68000.0,14.0,150.0,0.5,10.0,4.5
VT,2024,159.274,40004.0,46276.1,0.0,6.5,4.5,68000.0,14.0,150.0,0.5,10.0,4.5
WA,2014,96.839,226627.0,527169.4,0.0,4.17,4.5,90000.0,14.0,150.0,2.2,100.0,0.8
WA,2015,96.839,226627.0,527169.4,0.0,3.85,4.5,90000.0,14.0,150.0,2.2,100.0,0.8
WA,2016,96.839,226627.0,527169.4,0.0,3.65,4.5,90000.0,14.0,150.0,2.2,100.0,0.8
WA,2017,96.839,226627.0,527169.4,0.0,3.99,4.5,90000.0,14.0,150.0,2.2,100.0,0.8
WA,2018,134.099,183640.0,570337.8,0.0,4.54,4.5,90000.0,14.0,150.0,2.2,100.0,0.8
WA,2019,165.72500000000002,169691.0,594038.45,0.0,3.94,4.5,90000.0,14.0,150.0,2.2,100.0,0.8
WA,2020,197.35100000000003,155742.0,617739.1,0.0,3.11,4.5,90000.0,14.0,150.0,2.2,100.0,0.8
WA,2021,253.086,163726.0,683367.0,0.0,2.96,4.5,90000.0,14.0,150.0,2.2,100.0,0.8
WA,2022,335.211,205259.0,741002.8,0.0,5.34,4.5,90000.0,14.0,150.0,2.2,100.0,0.8
WA,2023,425.527,221655.0,801455.5,16.957,6.81,4.5,90000.0,14.0,150.0,2.2,100.0,0.8
WA,2024,493.955,267869.0,856013.6,24.523,6.5,4.5,90000.0,14.0,150.0,2.2,100.0,0.8
WI,2014,35.410000000000004,95859.0,321886.8,0.0,4.17,4.5,68000.0,14.0,150.0,0.5,10.0,4.5
WI,2015,35.410000000000004,95859.0,321886.8,0.0,3.85,4.5,68000.0,14.0,150.0,0.5,10.0,4.5
WI,2016,35.410000000000004,95859.0,321886.8,0.0,3.65,4.5,68000.0,14.0,150.0,0.5,10.0,4.5
WI,2017,35.410000000000004,95859.0,321886.8,0.0,3.99,4.5,68000.0,14.0,150.0,0.5,10.0,4.5
WI,2018,48.251000000000005,135273.0,335144.3,0.0,4.54,4.5,68000.0,14.0,150.0,0.5,10.0,4.5
WI,2019,70.41550000000001,115125.5,339917.65,0.0,3.94,4.5,68000.0,14.0,150.0,0.5,10.0,4.5
WI,2020,92.58,94978.0,344691.0,0.0,3.11,4.5,68000.0,14.0,150.0,0.5,10.0,4.5
WI,2021,120.271,89228.0,368997.3,0.0,2.96,4.5,68000.0,14.0,150.0,0.5,10.0,4.5
WI,2022,150.905,90578.0,403570.3,0.0,5.34,4.5,68000.0,14.0,150.0,0.5,10.0,4.5
WI,2023,197.421,96244.0,431913.9,1.796,6.81,4.5,68000.0,14.0,150.0,0.5,10.0,4.5
WI,2024,236.102,94621.0,453298.6,3.994,6.5,4.5,68000.0,14.0,150.0,0.5,10.0,4.5
WV,2014,5.664,14260.0,75172.4,0.0,4.17,4.5,68000.0,14.0,150.0,0.5,10.0,10.0
WV,2015,5.664,14260.0,75172.4,0.0,3.85,4.5,68000.0,14.0,150.0,0.5,10.0,10.0
WV,2016,5.664,14260.0,75172.4,0.0,3.65,4.5,68000.0,14.0,150.0,0.5,10.0,10.0
WV,2017,5.664,14260.0,75172.4,0.0,3.99,4.5,68000.0,14.0,150.0,0.5,10.0,10.0
WV,2018,6.689,10317.0,79794.3,0.0,4.54,4.5,68000.0,14.0,150.0,0.5,10.0,10.0
WV,2019,8.669,5926.5,78665.4,0.0,3.94,4.5,68000.0,14.0,150.0,0.5,10.0,10.0
WV,2020,10.649,1536.0,77536.5,0.0,3.11,4.5,68000.0,14.0,150.0,0.5,10.0,10.0
WV,2021,16.947,3245.0,87178.8,0.0,2.96,4.5,68000.0,14.0,150.0,0.5,10.0,10.0
WV,2022,25.476,3230.0,98824.1,0.0,5.34,4.5,68000.0,14.0,150.0,0.5,10.0,10.0
WV,2023,33.287,3653.0,101479.9,4.301,6.81,4.5,68000.0,14.0,150.0,0.5,10.0,10.0
WV,2024,41.255,2681.0,106475.1,5.355,6.5,4.5,68000.0,14.0,150.0,0.5,10.0,10.0
WY,2014,3.103,9923.0,37620.3,0.0,4.17,4.5,68000.0,14.0,6.0,0.5,10.0,9.8
WY,2015,3.103,9923.0,37620.3,0.0,3.85,4.5,68000.0,14.0,6.0,0.5,10.0,9.8
WY,2016,3.103,9923.0,37620.3,0.0,3.65,4.5,68000.0,14.0,6.0,0.5,10.0,9.8
WY,2017,3.103,9923.0,37620.3,0.0,3.99,4.5,68000.0,14.0,6.0,0.5,10.0,9.8
WY,2018,4.554,10871.0,39614.5,0.0,4.54,4.5,68000.0,14.0,6.0,0.5,10.0,9.8
WY,2019,6.4175,12801.0,38298.6,0.0,3.94,4.5,68000.0,14.0,6.0,0.5,10.0,9.8
WY,2020,8.281,14731.0,36982.7,0.0,3.11,4.5,68000.0,14.0,6.0,0.5,10.0,9.8
WY,2021,10.994,8021.0,42410.6,0.0,2.96,4.5,68000.0,14.0,6.0,0.5,10.0,9.8
WY,2022,14.769,8818.0,49570.4,0.0,5.34,4.5,68000.0,14.0,6.0,0.5,10.0,9.8
WY,2023,17.41,9324.0,51350.1,1.1,6.81,4.5,68000.0,14.0,6.0,0.5,10.0,9.8
WY,2024,20.83,8826.0,51498.1,1.384,6.5,4.5,68000.0,14.0,6.0,0.5,10.0,9.8
